business_id,name,display_name,label,phone_number,lat,lng,standby_days,category
1448021,AR Drum&합주실,,AR Drum&합주실,,37.5960518,127.0834324,0,has_habju_kw
686246,MUFAC 합주실 & 드럼 스튜디오,,MUFAC 합주실 & 드럼 스튜디오,,37.5648572,127.0358318,0,has_habju_kw
447316057,R & R 합주실,,R & R 합주실,,37.5061653,127.0807546,0,has_habju_kw
32481012,SJM합주실,,SJM합주실,,37.558903,126.9113744,0,has_habju_kw
1916223169,그루브합주실 노원점,,그루브합주실 노원점,,37.6536748,127.0597789,0,has_habju_kw
1532613126,그루브합주실 방배점,,그루브합주실 방배점,,37.4824002,126.9976382,0,has_habju_kw
11633580,드림합주실 본점,,드림합주실 본점,,37.5585862,126.9379914,0,has_habju_kw
2036019021,드림합주실 사당2호점,,드림합주실 사당2호점,,37.4777906,126.981255,0,has_habju_kw
33979571,드림합주실 연대점,,드림합주실 연대점,,37.5584438,126.9376543,0,has_habju_kw
35014095,라스합주실,,라스합주실,,37.5305187,127.1400739,0,has_habju_kw
936886855,"레몬합주실,레몬드럼연습실",,"레몬합주실,레몬드럼연습실",,37.5340644,126.9730239,0,has_habju_kw
1321329369,리엠뮤직합주실 강남점,,리엠뮤직합주실 강남점,,37.5117679,127.0385744,0,has_habju_kw
1819904679,리엠뮤직합주실 건대입구점,,리엠뮤직합주실 건대입구점,,37.5440996,127.0661025,0,has_habju_kw
2080464504,리엠뮤직합주실 금호점,,리엠뮤직합주실 금호점,,37.5484411,127.0175425,0,has_habju_kw
1983990420,리엠뮤직합주실 숙대점,,리엠뮤직합주실 숙대점,,37.546961,126.9752058,0,has_habju_kw
1182649966,리엠뮤직합주실 잠실석촌점,,리엠뮤직합주실 잠실석촌점,,37.5048744,127.1104093,0,has_habju_kw
1134440,몰디브합주실,,몰디브합주실,,37.5889754,127.061379,0,has_habju_kw
1146654280,무아 스튜디오 합주실,,무아 스튜디오 합주실,,37.5356232,126.8619504,0,has_habju_kw
33021450,별나무합주실 합정점,,별나무합주실 합정점,,37.552017,126.9183722,0,has_habju_kw
37302431,북촌 합주 공간,,북촌 합주 공간,,37.6350673,127.0255644,0,has_habju_kw
33510503,불리스튜디오 합주실,,불리스튜디오 합주실,,37.5542704,126.9131565,0,has_habju_kw
1719956551,블루메사 합주실,,블루메사 합주실,,37.5531212,126.9140535,0,has_habju_kw
34284507,비틀즈합주실,,비틀즈합주실,,37.5234063,126.8969531,0,has_habju_kw
2043308043,사운드시티합주실 방배점,,사운드시티합주실 방배점,,37.4833541,126.9957149,0,has_habju_kw
2070390565,사운딕트합주실 2호점,,사운딕트합주실 2호점,,37.483675,126.9811195,0,has_habju_kw
1524015,아템포룸 합주실,,아템포룸 합주실,,37.5421312,126.968972,0,has_habju_kw
1221261382,안식처합주실,,안식처합주실,,37.5023822,126.8960771,0,has_habju_kw
11555338,애플합주실,,애플합주실,,37.582643,126.998045,0,has_habju_kw
36523359,앨리합주실,,앨리합주실,,37.5536696,126.9177852,0,has_habju_kw
33028195,에픽합주실,,에픽합주실,,37.5841986,126.9974091,0,has_habju_kw
1979154525,"엘사운드 합주,연습,작업실",,"엘사운드 합주,연습,작업실",,37.5586532,126.9161252,0,has_habju_kw
30805862,엠플사운드합주실,,엠플사운드합주실,,37.4962069,127.0394148,0,has_habju_kw
860135,"연남캠퍼스 합주실 예약[밴드 합주, 드럼 개인연습 전용]","연남캠퍼스 합주실 예약[밴드 합주, 드럼 개인연습 전용]","연남캠퍼스 합주실 예약[밴드 합주, 드럼 개인연습 전용]",,37.563876,126.9258683,0,has_habju_kw
32618604,오락가락 합주실,,오락가락 합주실,,37.544476,127.0724864,0,has_habju_kw
35103503,오렌지 락스페이스 합주실,,오렌지 락스페이스 합주실,,37.4805816,126.8789398,0,has_habju_kw
1366206114,이엠합주실,,이엠합주실,,37.4836927,126.9758856,0,has_habju_kw
1188775136,자하브 합주실,,자하브 합주실,,37.5580495,126.9420348,0,has_habju_kw
12068831,코이합주실,,코이합주실,,37.4821686,126.9975319,0,has_habju_kw
1165012282,텐마일즈 합주실,,텐마일즈 합주실,,37.4837917,127.038923,0,has_habju_kw
30943741,파크데뮤직합주실,,파크데뮤직합주실,,37.5905596,127.0626108,0,has_habju_kw
931801093,팽이합주실,,팽이합주실,,37.52688,126.8979691,0,has_habju_kw
1262467989,플레이엠합주실,,플레이엠합주실,,37.619718,127.0739575,0,has_habju_kw
11657048,필 합주실,,필 합주실,,37.4861243,126.9864426,0,has_habju_kw
1588705,필인 스튜디오 합주실,,필인 스튜디오 합주실,,37.5395718,126.8665854,0,has_habju_kw
2034080850,한스합주실,,한스합주실,,37.6617003,127.0706536,0,has_habju_kw
33471771,홀릭밴드합주실,,홀릭밴드합주실,,37.4804032,126.8518309,0,has_habju_kw
1506373409,165스튜디오,,165스튜디오,,37.5622422,126.9042079,0,no_domain_kw
2074657389,8.5 STUDIO,,8.5 STUDIO,,37.5474291,126.927621,0,no_domain_kw
1600979385,Cassette studio,,Cassette studio,,37.559073,126.9138106,0,no_domain_kw
1038194981,K1 뮤직,,K1 뮤직,,37.5535106,126.918092,0,no_domain_kw
1983293866,MFMP studio,,MFMP studio,,37.5549777,126.9300381,0,no_domain_kw
13291756,Music space,,Music space,,37.4848627,126.9257078,0,no_domain_kw
1356601406,SMC 등촌역 2호점,,SMC 등촌역 2호점,,37.5489245,126.866509,0,no_domain_kw
1863336739,SMC 목동점,,SMC 목동점,,37.5251445,126.861557,0,no_domain_kw
1181772260,circleroom,,circleroom,,37.5719074,126.9295812,0,no_domain_kw
36537744,iMRecords,,iMRecords,,37.5572198,126.9350161,0,no_domain_kw
1800230500,강동드럼 feel,,강동드럼 feel,,37.5309705,127.1215257,0,no_domain_kw
699083234,고미국악연구소,,고미국악연구소,,37.613198,126.9318543,0,no_domain_kw
1292176455,공간비틀즈,,공간비틀즈,,37.5550586,126.9284114,0,no_domain_kw
697587,그루브뮤직스튜디오,,그루브뮤직스튜디오,,37.5940504,127.0799167,0,no_domain_kw
38521455,기린뮤직,,기린뮤직,,37.5003551,127.1066153,0,no_domain_kw
1326175915,기타짐,,기타짐,,37.5922062,126.9066959,0,no_domain_kw
640980535,네뷸라 사운드 스튜디오,,네뷸라 사운드 스튜디오,,37.5421354,126.940723,0,no_domain_kw
1579005,더클라리넷스튜디오,,더클라리넷스튜디오,,37.6035172,126.9353113,0,no_domain_kw
1316982349,더퓨어컴퍼니,,더퓨어컴퍼니,,37.5171126,126.871282,0,no_domain_kw
2024377798,동행,,동행,,37.5032189,126.8915699,0,no_domain_kw
2068115530,디엑스이 스튜디오,,디엑스이 스튜디오,,37.5079777,127.0555281,0,no_domain_kw
37921750,라이브앤라우드 스튜디오,,라이브앤라우드 스튜디오,,37.5625833,126.921459,0,no_domain_kw
1555966,룸디,,룸디,,37.5937738,127.0188277,0,no_domain_kw
982490,리페어샵 신당,,리페어샵 신당,,37.5633948,127.0153577,0,no_domain_kw
223319,리페어앤라운지,,리페어앤라운지,,37.4841779,127.0399298,0,no_domain_kw
1579125585,릴리뮤직스튜디오,,릴리뮤직스튜디오,,37.5562671,126.9951902,0,no_domain_kw
1725006136,마리뮤직,,마리뮤직,,37.549743,127.090193,0,no_domain_kw
2019383451,모라스튜디오,,모라스튜디오,,37.5122515,127.0194348,0,no_domain_kw
1924462205,무아엔터테인먼트,,무아엔터테인먼트,,37.5356232,126.8619504,0,no_domain_kw
1163733227,문화공간 뮤직테라피,,문화공간 뮤직테라피,,37.5440801,127.0900253,0,no_domain_kw
1586657811,미스터시티 방음인테리어,,미스터시티 방음인테리어,,37.5490649,126.9247278,0,no_domain_kw
1850190741,민경록드럼아카데미,,민경록드럼아카데미,,37.6237112,126.9297492,0,no_domain_kw
1735025847,바이너리 스튜디오스,,바이너리 스튜디오스,,37.5572937,126.904007,0,no_domain_kw
1549576,방문 상담,방문 상담,방문 상담,,37.558489,126.9111318,0,no_domain_kw
1303060964,버니블랙 스튜디오,,버니블랙 스튜디오,,37.4434586,126.9041902,0,no_domain_kw
1740828488,범골 스튜디오,,범골 스튜디오,,37.5577668,126.9038424,0,no_domain_kw
38782400,벙커 버스터,,벙커 버스터,,37.5568033,126.9047495,0,no_domain_kw
1574159,브라운룸 야간할인 (00:00~06:00),브라운룸 야간할인 (00:00~06:00),브라운룸 야간할인 (00:00~06:00),,37.5491493,126.919526,0,no_domain_kw
1237990250,브람스앤리스트,,브람스앤리스트,,37.4816348,127.012975,0,no_domain_kw
1770792526,브이엠에스 스튜디오,,브이엠에스 스튜디오,,37.5496446,126.9156236,0,no_domain_kw
1485856,비욘드재즈스튜디오,,비욘드재즈스튜디오,,37.5788853,126.9231994,0,no_domain_kw
1299242872,산들바람 음악실,,산들바람 음악실,,37.4731404,127.0501146,0,no_domain_kw
1101142097,상승기류 뮤직하우스,,상승기류 뮤직하우스,,37.5519951,127.0090644,0,no_domain_kw
617173,생계형작업실,,생계형작업실,,37.5913189,127.0503896,0,no_domain_kw
1673612549,서머리트랙 스튜디오,,서머리트랙 스튜디오,,37.5559046,126.9254908,0,no_domain_kw
20820096,서울그랜드필하모닉오케스트라,,서울그랜드필하모닉오케스트라,,37.4831296,127.0098386,0,no_domain_kw
1966294225,서울생활문화센터 낙원,,서울생활문화센터 낙원,,37.5733753,126.9876575,0,no_domain_kw
393976661,성북천 음악소,,성북천 음악소,,37.5888048,127.01062,0,no_domain_kw
784413,세탁소아랫집,,세탁소아랫집,,37.5868354,127.010151,0,no_domain_kw
33860104,소울 라운지 스튜디오,,소울 라운지 스튜디오,,37.4803087,127.0389058,0,no_domain_kw
1378749,스튜디오 그린,,스튜디오 그린,,37.4741481,127.0487759,0,no_domain_kw
1157211270,스튜디오 샐룩스,,스튜디오 샐룩스,,37.5942649,127.0345808,0,no_domain_kw
1365726776,스튜디오메리 이수점,,스튜디오메리 이수점,,37.4896334,126.9818794,0,no_domain_kw
1847608841,스튜디오우양재,,스튜디오우양재,,37.4735213,127.0510045,0,no_domain_kw
38554537,스팟사운드,,스팟사운드,,37.5476832,126.9190399,0,no_domain_kw
1286154,스페이스 개러지 고려대점,,스페이스 개러지 고려대점,,37.5820001,127.0288959,0,no_domain_kw
1577612,스페이스 개러지 성신여대점,,스페이스 개러지 성신여대점,,37.5906615,127.0192452,0,no_domain_kw
1579715,스페이스 에이원,,스페이스 에이원,,37.6235597,126.9181865,0,no_domain_kw
1828998238,스페이스 이오엠,,스페이스 이오엠,,37.5091848,127.0850284,0,no_domain_kw
993428,아이페어 색소폰,,아이페어 색소폰,,37.4867545,127.0162026,0,no_domain_kw
1227620257,아프로스튜디오,,아프로스튜디오,,37.608149,126.8940128,0,no_domain_kw
624658,알디뮤직스튜디오 청량리 본점,,알디뮤직스튜디오 청량리 본점,,37.5861039,127.0491038,0,no_domain_kw
1285490712,애플스튜디오2호점,,애플스튜디오2호점,,37.5843374,126.9998981,0,no_domain_kw
2061580821,엉클제이든,,엉클제이든,,37.453752,127.0300871,0,no_domain_kw
1554097127,에러살롱,,에러살롱,,37.5584367,126.9344188,0,no_domain_kw
1271864459,에이사운드 스튜디오,,에이사운드 스튜디오,,37.5578855,126.9152874,0,no_domain_kw
1986152062,에이치와이랩엔스튜디오,,에이치와이랩엔스튜디오,,37.4813634,127.0103701,0,no_domain_kw
37654156,엘피사운드 스튜디오,,엘피사운드 스튜디오,,37.4812973,127.0412563,0,no_domain_kw
1362561,영사운드 성신여대점,,영사운드 성신여대점,,37.5927172,127.0140128,0,no_domain_kw
31010101,오픈스트링,,오픈스트링,,37.4795806,127.0103762,0,no_domain_kw
1499870001,옥토뮤직,,옥토뮤직,,37.5639258,126.9075836,0,no_domain_kw
1488671768,올라뮤직스튜디오,,올라뮤직스튜디오,,37.5534608,126.9163963,0,no_domain_kw
1600509686,원앤온리,,원앤온리,,37.5346146,127.1485106,0,no_domain_kw
614884,웨이스튜디오,,웨이스튜디오,,37.5825547,127.030782,0,no_domain_kw
1971626223,유니라이브,,유니라이브,,37.4823201,126.9140621,0,no_domain_kw
1131455899,음악인별장,,음악인별장,,37.5537674,127.128314,0,no_domain_kw
1051955216,음악창고,,음악창고,,37.5857288,126.9478275,0,no_domain_kw
1446144961,이엔랩,,이엔랩,,37.5482484,126.9149024,0,no_domain_kw
1102172866,인터갤러틱,,인터갤러틱,,37.5002641,126.8645449,0,no_domain_kw
1559084789,저스트플레이,,저스트플레이,,37.5479762,126.9118739,0,no_domain_kw
36609721,제이워커스,,제이워커스,,37.483313,126.9257229,0,no_domain_kw
1247729,져니스뮤직블럭,,져니스뮤직블럭,,37.5678213,127.0433019,0,no_domain_kw
1990763238,카리스아트컴퍼니,,카리스아트컴퍼니,,37.5001634,126.9422411,0,no_domain_kw
1145210204,콰가컬쳐레이블,,콰가컬쳐레이블,,37.5285351,126.9001767,0,no_domain_kw
1217586464,킹스 스튜디오,,킹스 스튜디오,,37.5183513,127.0500365,0,no_domain_kw
21568012,타임사운드,,타임사운드,,37.481069,127.0415001,0,no_domain_kw
2080599040,테이스티뮤직스튜디오,,테이스티뮤직스튜디오,,37.5444602,126.8370096,0,no_domain_kw
37341408,트리니티사운드,,트리니티사운드,,37.5136503,127.0428778,0,no_domain_kw
11694601,파워하우스,,파워하우스,,37.5224507,127.020845,0,no_domain_kw
1628610297,프롬스튜디오,,프롬스튜디오,,37.5440599,126.9303501,0,no_domain_kw
1257430,하이브 뮤직 스튜디오,,하이브 뮤직 스튜디오,,37.5107888,127.1094868,0,no_domain_kw
1788830273,한성드럼 스튜디오,,한성드럼 스튜디오,,37.580214,127.0149749,0,no_domain_kw
1708213540,헤르츠스튜디오,,헤르츠스튜디오,,37.4865238,126.9263486,0,no_domain_kw
465915,홈그라운드 ai컨텐츠 랩,,홈그라운드 ai컨텐츠 랩,,37.4613567,127.1679951,0,no_domain_kw
1473390479,홍제음악실,,홍제음악실,,37.5872744,126.9466977,0,no_domain_kw
1717890293,후케즈,,후케즈,,37.5119768,126.8932654,0,no_domain_kw
2078504588,SMC음악연습실 명동역점,,SMC음악연습실 명동역점,,37.5595041,126.9858911,0,suspicious_kw_without_habju
1569866912,두드림음악연습실,,두드림음악연습실,,37.6587535,127.0615843,0,suspicious_kw_without_habju
1427109050,라이브클럽 뮤직스페이스,,라이브클럽 뮤직스페이스,,37.5429571,127.0560142,0,suspicious_kw_without_habju
860988,마이부스 연습실 연신내점,,마이부스 연습실 연신내점,,37.6212574,126.9195602,0,suspicious_kw_without_habju
1840550930,말랑뮤직스튜디오 음악연습실,,말랑뮤직스튜디오 음악연습실,,37.5089836,127.1275893,0,suspicious_kw_without_habju
885382130,무지카서울 음악연습실,,무지카서울 음악연습실,,37.5125415,127.1242582,0,suspicious_kw_without_habju
1282270454,바조베이스 클럽,,바조베이스 클럽,,37.5474291,126.927621,0,suspicious_kw_without_habju
36877406,브레스뮤직연습실,,브레스뮤직연습실,,37.4887672,126.9813428,0,suspicious_kw_without_habju
21877769,서울예술음악학원,,서울예술음악학원,,37.4627133,126.9185062,0,suspicious_kw_without_habju
1900159017,소아베 스튜디오 음악연습실,,소아베 스튜디오 음악연습실,,37.4848327,127.0238808,0,suspicious_kw_without_habju
2011830388,수음악연습실,,수음악연습실,,37.4855911,126.9344306,0,suspicious_kw_without_habju
972075384,아이 러브 드럼연습실,,아이 러브 드럼연습실,,37.4805019,126.9459815,0,suspicious_kw_without_habju
1674011548,아티스트룸 연습실,,아티스트룸 연습실,,37.5234931,126.8964749,0,suspicious_kw_without_habju
13550099,에덴실용음악학원,,에덴실용음악학원,,37.580574,126.9054609,0,suspicious_kw_without_habju
732937,여의대방음악연습실,,여의대방음악연습실,,37.5138178,126.9266878,0,suspicious_kw_without_habju
1392395996,음악연습실 쏘울팩토리,,음악연습실 쏘울팩토리,,37.5599218,126.9163245,0,suspicious_kw_without_habju
941710,재즈클럽 그루브,,재즈클럽 그루브,,37.5126692,127.0184716,0,suspicious_kw_without_habju
698143,조져비트 스튜디오 드럼 연습실 연신내점,,조져비트 스튜디오 드럼 연습실 연신내점,,37.6198879,126.9212801,0,suspicious_kw_without_habju
1708894171,타수음악연습실 2호점,,타수음악연습실 2호점,,37.4989204,126.9519462,0,suspicious_kw_without_habju
1259929783,토브콤음악연습실,,토브콤음악연습실,,37.4751039,127.053266,0,suspicious_kw_without_habju
